{"cameraMode":{"drawMode":0,"name":"Shaded","section":"Shading Mode"},"sceneLighting":false,"audioPlay":false,"sceneViewState":{"showFog":true,"showMaterialUpdate":false,"showSkybox":true,"showFlares":true,"showImageEffects":true,"showParticleSystems":true},"in2DMode":false,"pivot":{"x":0.2480185478925705,"y":0.7687394618988037,"z":74.17107391357422},"rotation":{"x":-0.15865002572536469,"y":0.6678754091262817,"z":-0.14886674284934998,"w":-0.7117664217948914},"size":11.027402877807618,"orthographic":false}