{"cameraMode":{"drawMode":0,"name":"Shaded","section":"Shading Mode"},"sceneLighting":true,"audioPlay":false,"sceneViewState":{"showFog":true,"showMaterialUpdate":false,"showSkybox":true,"showFlares":true,"showImageEffects":true,"showParticleSystems":true},"in2DMode":false,"pivot":{"x":-25.129056930541993,"y":-5.650385856628418,"z":0.9015903472900391},"rotation":{"x":0.1278936266899109,"y":-0.6240960359573364,"z":0.10452202707529068,"w":0.7636901140213013},"size":31.637060165405275,"orthographic":false}