{"cameraMode":{"drawMode":0,"name":"Shaded","section":"Shading Mode"},"sceneLighting":false,"audioPlay":false,"sceneViewState":{"showFog":true,"showMaterialUpdate":false,"showSkybox":true,"showFlares":true,"showImageEffects":true,"showParticleSystems":true},"in2DMode":false,"pivot":{"x":10.680000305175782,"y":2.880000114440918,"z":20.1200008392334},"rotation":{"x":-0.15865002572536469,"y":0.6678754091262817,"z":-0.14886674284934998,"w":-0.7117664217948914},"size":31.4205322265625,"orthographic":false}