{"cameraMode":{"drawMode":0,"name":"Shaded","section":"Shading Mode"},"sceneLighting":false,"audioPlay":false,"sceneViewState":{"showFog":true,"showMaterialUpdate":false,"showSkybox":true,"showFlares":true,"showImageEffects":true,"showParticleSystems":true},"in2DMode":false,"pivot":{"x":-63.977664947509769,"y":-1.3099758625030518,"z":-6.837253093719482},"rotation":{"x":-0.32810544967651369,"y":-0.05323501303792,"z":0.018526878207921983,"w":-0.9429579377174377},"size":7.308465957641602,"orthographic":false}