{"cameraMode":{"drawMode":0,"name":"Shaded","section":"Shading Mode"},"sceneLighting":false,"audioPlay":false,"sceneViewState":{"showFog":true,"showMaterialUpdate":false,"showSkybox":true,"showFlares":true,"showImageEffects":true,"showParticleSystems":true},"in2DMode":false,"pivot":{"x":2.5180001258850099,"y":2.511552333831787,"z":28.174591064453126},"rotation":{"x":-0.4100937843322754,"y":-0.09087197482585907,"z":0.04110682010650635,"w":-0.9065735936164856},"size":15.466172218322754,"orthographic":false}