{"cameraMode":{"drawMode":0,"name":"Shaded","section":"Shading Mode"},"sceneLighting":false,"audioPlay":false,"sceneViewState":{"showFog":true,"showMaterialUpdate":false,"showSkybox":true,"showFlares":true,"showImageEffects":true,"showParticleSystems":true},"in2DMode":false,"pivot":{"x":-64.6363525390625,"y":0.6404774188995361,"z":-9.178767204284668},"rotation":{"x":0.4647376239299774,"y":0.07817427068948746,"z":-0.04123581200838089,"w":0.8810263276100159},"size":2.8500442504882814,"orthographic":false}