{"cameraMode":{"drawMode":0,"name":"Shaded","section":"Shading Mode"},"sceneLighting":false,"audioPlay":false,"sceneViewState":{"showFog":true,"showMaterialUpdate":false,"showSkybox":true,"showFlares":true,"showImageEffects":true,"showParticleSystems":true},"in2DMode":false,"pivot":{"x":-0.9661793112754822,"y":1.2735803127288819,"z":11.34849739074707},"rotation":{"x":-0.15865002572536469,"y":0.6678754091262817,"z":-0.14886674284934998,"w":-0.7117664217948914},"size":2.5500447750091554,"orthographic":false}