{"cameraMode":{"drawMode":0,"name":"Shaded","section":"Shading Mode"},"sceneLighting":false,"audioPlay":false,"sceneViewState":{"showFog":true,"showMaterialUpdate":false,"showSkybox":true,"showFlares":true,"showImageEffects":true,"showParticleSystems":true},"in2DMode":false,"pivot":{"x":-63.264373779296878,"y":4.086421012878418,"z":-12.827616691589356},"rotation":{"x":0.29328858852386477,"y":-0.08479037880897522,"z":0.0261179618537426,"w":0.9518982768058777},"size":2.550044298171997,"orthographic":false}