{"cameraMode":{"drawMode":0,"name":"Shaded","section":"Shading Mode"},"sceneLighting":false,"audioPlay":false,"sceneViewState":{"showFog":true,"showMaterialUpdate":false,"showSkybox":true,"showFlares":true,"showImageEffects":true,"showParticleSystems":true},"in2DMode":false,"pivot":{"x":18.799999237060548,"y":-4.590000152587891,"z":159.89999389648438},"rotation":{"x":-0.32730838656425478,"y":0.17960906028747559,"z":-0.06352280080318451,"w":-0.9255132079124451},"size":4.479857921600342,"orthographic":false}